n_rows,n_features,pca_components,n_neighbors,explained_variance,orig_knn_accuracy,orig_knn_precision,orig_knn_recall,orig_knn_f1_score,orig_knn_fit_time,orig_knn_predict_time,orig_knn_total_time,orig_kdtree_accuracy,orig_kdtree_precision,orig_kdtree_recall,orig_kdtree_f1_score,orig_kdtree_fit_time,orig_kdtree_predict_time,orig_kdtree_total_time,pca_knn_accuracy,pca_knn_precision,pca_knn_recall,pca_knn_f1_score,pca_knn_fit_time,pca_knn_predict_time,pca_knn_total_time,pca_kdtree_accuracy,pca_kdtree_precision,pca_kdtree_recall,pca_kdtree_f1_score,pca_kdtree_fit_time,pca_kdtree_predict_time,pca_kdtree_total_time,pca_knn_accuracy_diff,pca_kdtree_accuracy_diff,pca_knn_time_improvement,pca_kdtree_time_improvement
1000,5,3,5,0.8007594814087124,0.625,0.609174887823468,0.625,0.6091697473494312,0.0019993782043457,0.2162723541259765,0.2182717323303222,0.65,0.6334136224631638,0.65,0.6354499281890585,0.0025191307067871,0.0360715389251709,0.038590669631958,0.66,0.6428833107191316,0.66,0.6429851942799365,0.0025150775909423,0.0256733894348144,0.0281884670257568,0.635,0.6193175912043979,0.635,0.6190552550647983,0.0020060539245605,0.0588314533233642,0.0608375072479248,0.035,-0.015,0.8708560805157411,-0.5764822903602473
1000,10,3,5,0.4795527535044932,0.65,0.6342166105499438,0.65,0.6388040301492078,0.0035221576690673,0.0275771617889404,0.0310993194580078,0.65,0.6342166105499438,0.65,0.6388040301492078,0.004512071609497,0.0591952800750732,0.0637073516845703,0.665,0.6457747162078846,0.665,0.6517870025578268,0.0009987354278564,0.0299532413482666,0.030951976776123,0.665,0.6457747162078846,0.665,0.6517870025578268,0.0019991397857666,0.0599265098571777,0.0619256496429443,0.015,0.015,0.0047378104875804,0.0279669770366156
1000,10,5,5,0.6893928964311803,0.65,0.6342166105499438,0.65,0.6388040301492078,0.0020079612731933,0.0281181335449218,0.0301260948181152,0.65,0.6342166105499438,0.65,0.6388040301492078,0.0039999485015869,0.0582313537597656,0.0622313022613525,0.665,0.6457747162078846,0.665,0.6517870025578268,0.0025117397308349,0.02608323097229,0.028594970703125,0.665,0.6457747162078846,0.665,0.6517870025578268,0.0019981861114501,0.0557184219360351,0.0577166080474853,0.015,0.015,0.0508238496968929,0.0725469988544807
1000,20,3,5,0.308135130996687,0.645,0.6174502164502165,0.645,0.6291827153661685,0.0030066967010498,0.0275790691375732,0.030585765838623,0.645,0.6174502164502165,0.645,0.6291827153661685,0.0049927234649658,0.0560493469238281,0.0610420703887939,0.625,0.5994166666666666,0.625,0.6084055944055945,0.0015110969543457,0.027125597000122,0.0286366939544677,0.625,0.5994166666666666,0.625,0.6084055944055945,0.0019998550415039,0.0592386722564697,0.0612385272979736,-0.02,-0.02,0.0637248023946494,-0.0032183854172769
1000,20,5,5,0.4303059430293157,0.645,0.6174502164502165,0.645,0.6291827153661685,0.0030007362365722,0.0277211666107177,0.03072190284729,0.645,0.6174502164502165,0.645,0.6291827153661685,0.0025174617767333,0.0635073184967041,0.0660247802734375,0.65,0.6164377742247342,0.65,0.6298756297314329,0.0025146007537841,0.0275712013244628,0.030085802078247,0.65,0.6164377742247342,0.65,0.6298756297314329,0.0019993782043457,0.0942742824554443,0.09627366065979,0.005,0.005,0.020705122732952,-0.4581443552114629
1000,20,10,5,0.6978844864615353,0.645,0.6174502164502165,0.645,0.6291827153661685,0.0020012855529785,0.0280606746673584,0.0300619602203369,0.645,0.6174502164502165,0.645,0.6291827153661685,0.0025038719177246,0.0631697177886962,0.0656735897064209,0.64,0.634771364720906,0.64,0.6272452233756581,0.0016140937805175,0.0255398750305175,0.0271539688110351,0.64,0.634771364720906,0.64,0.6272452233756581,0.0026509761810302,0.0548038482666015,0.0574548244476318,-0.005,-0.005,0.0967332598402715,0.1251456680764553
1000,20,15,5,0.9112537410475552,0.645,0.6174502164502165,0.645,0.6291827153661685,0.0035161972045898,0.0240614414215087,0.0275776386260986,0.645,0.6174502164502165,0.645,0.6291827153661685,0.0039999485015869,0.0533955097198486,0.0573954582214355,0.66,0.6314480480296196,0.66,0.6444696468667075,0.0009973049163818,0.0251116752624511,0.026108980178833,0.66,0.6314480480296196,0.66,0.6444696468667075,0.0025124549865722,0.0548577308654785,0.0573701858520507,0.015,0.015,0.053255409833231,0.0004403200212682
1000,30,3,5,0.2371771797380855,0.64,0.6227524017841826,0.64,0.6240995064125905,0.0020046234130859,0.0255680084228515,0.0275726318359375,0.64,0.6227524017841826,0.64,0.6240995064125905,0.003516674041748,0.0571393966674804,0.0606560707092285,0.59,0.5402873986735446,0.59,0.5621596244131455,0.0020020008087158,0.0230562686920166,0.0250582695007324,0.59,0.5402873986735446,0.59,0.5621596244131455,0.0015103816986083,0.0517194271087646,0.053229808807373,-0.05,-0.05,0.0911905091311566,0.1224322943280531
1000,30,5,5,0.3280112362818328,0.64,0.6227524017841826,0.64,0.6240995064125905,0.0019924640655517,0.0255649089813232,0.027557373046875,0.64,0.6227524017841826,0.64,0.6240995064125905,0.0040221214294433,0.0541341304779052,0.0581562519073486,0.645,0.6228657847127996,0.645,0.6300932937721287,0.0020051002502441,0.0236542224884033,0.0256593227386474,0.645,0.6228657847127996,0.645,0.6300932937721287,0.0040013790130615,0.0504109859466552,0.0544123649597168,0.005,0.005,0.068876315060908,0.0643763451880701
1000,30,10,5,0.5346737378694527,0.64,0.6227524017841826,0.64,0.6240995064125905,0.001011848449707,0.026573896408081,0.027585744857788,0.64,0.6227524017841826,0.64,0.6240995064125905,0.0040078163146972,0.0544886589050293,0.0584964752197265,0.64,0.6219730046948356,0.64,0.6247891414141414,0.0014116764068603,0.0235598087310791,0.0249714851379394,0.64,0.6219730046948356,0.64,0.6247891414141414,0.0020046234130859,0.0539386272430419,0.0559432506561279,0.0,0.0,0.094768502113169,0.0436474942123968
1000,30,15,5,0.7177904658429228,0.64,0.6227524017841826,0.64,0.6240995064125905,0.0030074119567871,0.0276381969451904,0.0306456089019775,0.64,0.6227524017841826,0.64,0.6240995064125905,0.0040063858032226,0.054079532623291,0.0580859184265136,0.655,0.6394114583333333,0.655,0.6358522427110453,0.00150728225708,0.0267059803009033,0.0282132625579834,0.655,0.6394114583333333,0.655,0.6358522427110453,0.0025134086608886,0.0531506538391113,0.0556640625,0.015,0.015,0.0793701424492558,0.04169437261421
1000,30,20,5,0.8718061060460226,0.64,0.6227524017841826,0.64,0.6240995064125905,0.0015332698822021,0.0248863697052001,0.0264196395874023,0.64,0.6227524017841826,0.64,0.6240995064125905,0.0040013790130615,0.0530681610107421,0.0570695400238037,0.64,0.6248201495474223,0.64,0.6206268059320033,0.0025136470794677,0.0226132869720459,0.0251269340515136,0.64,0.6248201495474223,0.64,0.6206268059320033,0.0035197734832763,0.0521812438964843,0.0557010173797607,0.0,0.0,0.0489297188030177,0.0239799136890214
1000,30,25,5,0.9739230353793452,0.64,0.6227524017841826,0.64,0.6240995064125905,0.0025136470794677,0.0247602462768554,0.0272738933563232,0.64,0.6227524017841826,0.64,0.6240995064125905,0.0029997825622558,0.0563604831695556,0.0593602657318115,0.645,0.6257023809523808,0.645,0.6259455469427138,0.002504825592041,0.0210523605346679,0.0235571861267089,0.645,0.6257023809523808,0.645,0.6259455469427138,0.0050225257873535,0.0521063804626464,0.05712890625,0.005,0.005,0.136273438524411,0.0375901194899086
1000,40,3,5,0.2250115661640727,0.65,0.6373908554572272,0.65,0.6358610733658127,0.00199556350708,0.0270977020263671,0.0290932655334472,0.65,0.6373908554572272,0.65,0.6358610733658127,0.0060474872589111,0.0526413917541503,0.0586888790130615,0.52,0.5093303765030555,0.52,0.5081179653679653,0.0015070438385009,0.0225465297698974,0.0240535736083984,0.52,0.5093303765030555,0.52,0.5081179653679653,0.0019986629486083,0.0531537532806396,0.055152416229248,-0.13,-0.13,0.1732253781980889,0.0602578008522946
1000,40,5,5,0.3151468634224156,0.65,0.6373908554572272,0.65,0.6358610733658127,0.0035114288330078,0.0239291191101074,0.0274405479431152,0.65,0.6373908554572272,0.65,0.6358610733658127,0.005000352859497,0.0580215454101562,0.0630218982696533,0.645,0.6169170613398517,0.645,0.6287384679802366,0.0019981861114501,0.0254640579223632,0.0274622440338134,0.645,0.6169170613398517,0.645,0.6287384679802366,0.0019996166229248,0.0580427646636962,0.060042381286621,-0.005,-0.005,-0.0007906580707943,0.0472774871090631
1000,40,10,5,0.4789308753692001,0.65,0.6373908554572272,0.65,0.6358610733658127,0.0025117397308349,0.0260462760925292,0.0285580158233642,0.65,0.6373908554572272,0.65,0.6358610733658127,0.0055170059204101,0.0567984580993652,0.0623154640197753,0.61,0.6143941537010844,0.61,0.6003747417199231,0.0025138854980468,0.0250589847564697,0.0275728702545166,0.61,0.6143941537010844,0.61,0.6003747417199231,0.0035126209259033,0.0481886863708496,0.0517013072967529,-0.04,-0.04,0.0344962890608694,0.1703294180663427
1000,40,15,5,0.624896903225863,0.65,0.6373908554572272,0.65,0.6358610733658127,0.0040030479431152,0.0272474288940429,0.0312504768371582,0.65,0.6373908554572272,0.65,0.6358610733658127,0.0057089328765869,0.056610107421875,0.0623190402984619,0.615,0.6245277777777778,0.615,0.6045871025526197,0.002000093460083,0.0240399837493896,0.0260400772094726,0.615,0.6245277777777778,0.615,0.6045871025526197,0.0035123825073242,0.0553152561187744,0.0588276386260986,-0.035,-0.035,0.1667302439843142,0.0560246379861124
1000,40,20,5,0.7582051872184862,0.65,0.6373908554572272,0.65,0.6358610733658127,0.0035130977630615,0.024571418762207,0.0280845165252685,0.65,0.6373908554572272,0.65,0.6358610733658127,0.0039985179901123,0.0562307834625244,0.0602293014526367,0.595,0.6091129822412737,0.595,0.5789957421295449,0.0020003318786621,0.0221071243286132,0.0241074562072753,0.595,0.6091129822412737,0.595,0.5789957421295449,0.0030179023742675,0.0542099475860595,0.0572278499603271,-0.055,-0.055,0.1416104248906999,0.049833742379859
1000,40,25,5,0.8790790129864006,0.65,0.6373908554572272,0.65,0.6358610733658127,0.0045187473297119,0.0307965278625488,0.0353152751922607,0.65,0.6373908554572272,0.65,0.6358610733658127,0.0060007572174072,0.0615341663360595,0.0675349235534668,0.61,0.6240423423423423,0.61,0.5947505203426257,0.0025162696838378,0.0271639823913574,0.0296802520751953,0.61,0.6240423423423423,0.61,0.5947505203426257,0.0040111541748046,0.0607755184173584,0.064786672592163,-0.04,-0.04,0.159563335876265,0.0406937746679752
1000,54,3,5,0.1818468082602944,0.63,0.6189328078078079,0.63,0.6171801407908485,0.0039503574371337,0.0273802280426025,0.0313305854797363,0.63,0.6189328078078079,0.63,0.6171801407908485,0.0065162181854248,0.053781509399414,0.0602977275848388,0.545,0.543253167098682,0.545,0.5315553521484871,0.0015065670013427,0.0225782394409179,0.0240848064422607,0.545,0.543253167098682,0.545,0.5315553521484871,0.0015053749084472,0.0521395206451416,0.0536448955535888,-0.0849999999999999,-0.0849999999999999,0.2312685488166806,0.1103330473256967
1000,54,5,5,0.2549607266140486,0.63,0.6189328078078079,0.63,0.6171801407908485,0.0030004978179931,0.0294206142425537,0.0324211120605468,0.63,0.6189328078078079,0.63,0.6171801407908485,0.0069966316223144,0.0579125881195068,0.0649092197418212,0.63,0.6021794871794872,0.63,0.6127151404430236,0.0019943714141845,0.0251469612121582,0.0271413326263427,0.63,0.6021794871794872,0.63,0.6127151404430236,0.0020036697387695,0.0593428611755371,0.0613465309143066,0.0,0.0,0.1628500411813154,0.0548872539476729
1000,54,10,5,0.3882652697240656,0.63,0.6189328078078079,0.63,0.6171801407908485,0.0039281845092773,0.0316929817199707,0.035621166229248,0.63,0.6189328078078079,0.63,0.6171801407908485,0.0076959133148193,0.0593090057373046,0.067004919052124,0.62,0.6171770647653,0.62,0.6107412829760664,0.0025122165679931,0.0240869522094726,0.0265991687774658,0.62,0.6171770647653,0.62,0.6107412829760664,0.0030853748321533,0.0532941818237304,0.0563795566558837,-0.01,-0.01,0.2532763075110772,0.158575856019983
1000,54,15,5,0.5114145856751217,0.63,0.6189328078078079,0.63,0.6171801407908485,0.0040016174316406,0.0248496532440185,0.0288512706756591,0.63,0.6189328078078079,0.63,0.6171801407908485,0.0057630538940429,0.0576992034912109,0.0634622573852539,0.615,0.6264349298500241,0.615,0.6062846653411516,0.0025036334991455,0.0242872238159179,0.0267908573150634,0.615,0.6264349298500241,0.615,0.6062846653411516,0.0030155181884765,0.055110216140747,0.0581257343292236,-0.015,-0.015,0.0714149953310029,0.0840897137275527
1000,54,20,5,0.6260441392188215,0.63,0.6189328078078079,0.63,0.6171801407908485,0.0035183429718017,0.0273973941802978,0.0309157371520996,0.63,0.6189328078078079,0.63,0.6171801407908485,0.0065128803253173,0.0564863681793212,0.0629992485046386,0.605,0.6163893762183236,0.605,0.5961514728402719,0.0035133361816406,0.0220563411712646,0.0255696773529052,0.605,0.6163893762183236,0.605,0.5961514728402719,0.0029985904693603,0.0536489486694335,0.0566475391387939,-0.025,-0.025,0.1729235752294285,0.1008219862396778
1000,54,25,5,0.73288120710671,0.63,0.6189328078078079,0.63,0.6171801407908485,0.003005027770996,0.0251674652099609,0.028172492980957,0.63,0.6189328078078079,0.63,0.6171801407908485,0.0060265064239501,0.0542130470275878,0.060239553451538,0.595,0.6103468468468468,0.595,0.580440097479571,0.0010089874267578,0.0231850147247314,0.0241940021514892,0.595,0.6103468468468468,0.595,0.580440097479571,0.0030024051666259,0.0525047779083251,0.0555071830749511,-0.035,-0.035,0.1412189837852476,0.0785591875343837
5000,5,3,5,0.8222559526443236,0.661,0.6451567005423393,0.661,0.6494045205788248,0.0020020008087158,0.1399540901184082,0.141956090927124,0.655,0.6418847247770496,0.655,0.644230023911939,0.0051519870758056,0.1562612056732177,0.1614131927490234,0.666,0.6520494280731836,0.666,0.6548585903753,0.0035114288330078,0.0991413593292236,0.1026527881622314,0.661,0.6465751127699946,0.661,0.649491671347593,0.0040047168731689,0.1568074226379394,0.1608121395111084,0.005,0.006,0.2768694355289743,0.0037236933839082
5000,10,3,5,0.4764015974521755,0.701,0.694309108814457,0.701,0.6955906213068547,0.0030021667480468,0.1399242877960205,0.1429264545440673,0.701,0.694309108814457,0.701,0.6955906213068547,0.007512092590332,0.1845431327819824,0.1920552253723144,0.709,0.7003296430298235,0.709,0.7019834340451321,0.0030024051666259,0.1631462574005127,0.1661486625671386,0.709,0.7003296430298235,0.709,0.7019834340451321,0.0035336017608642,0.1594867706298828,0.163020372390747,0.008,0.008,-0.1624766254585246,0.1511797084681293
5000,10,5,5,0.6826222314193143,0.701,0.694309108814457,0.701,0.6955906213068547,0.0015177726745605,0.1254067420959472,0.1269245147705078,0.701,0.694309108814457,0.701,0.6955906213068547,0.0055189132690429,0.1519680023193359,0.1574869155883789,0.702,0.6938168915634775,0.702,0.695811866577457,0.0035328865051269,0.1612272262573242,0.1647601127624511,0.702,0.6938168915634775,0.702,0.695811866577457,0.0039994716644287,0.1667511463165283,0.170750617980957,0.001,0.001,-0.2980952738748215,-0.0842209801558705
5000,20,3,5,0.3089390454888173,0.732,0.7263020976568387,0.732,0.7224432785000843,0.0019996166229248,0.1144719123840332,0.116471529006958,0.732,0.7263020976568387,0.732,0.7224432785000843,0.0120320320129394,0.1752960681915283,0.1873281002044677,0.7,0.6932014086246283,0.7,0.6905435758852038,0.0019972324371337,0.1346063613891601,0.1366035938262939,0.7,0.6932014086246283,0.7,0.6905435758852038,0.0040020942687988,0.1547615528106689,0.1587636470794677,-0.032,-0.032,-0.1728496654159425,0.1524835467493773
5000,20,5,5,0.4226706849212875,0.732,0.7263020976568387,0.732,0.7224432785000843,0.0027797222137451,0.1382005214691162,0.1409802436828613,0.732,0.7263020976568387,0.732,0.7224432785000843,0.0100209712982177,0.1737809181213379,0.1838018894195556,0.717,0.7085697837363332,0.717,0.7088152186445299,0.002000093460083,0.1642756462097168,0.1662757396697998,0.717,0.7085697837363332,0.717,0.7088152186445299,0.0039989948272705,0.1787853240966797,0.1827843189239502,-0.015,-0.015,-0.1794258211373314,0.0055362352303283
5000,20,10,5,0.6871999239129241,0.732,0.7263020976568387,0.732,0.7224432785000843,0.0024266242980957,0.1244995594024658,0.1269261837005615,0.732,0.7263020976568387,0.732,0.7224432785000843,0.0099351406097412,0.1660194396972656,0.1759545803070068,0.712,0.7062596568731372,0.712,0.7035811726007071,0.0072853565216064,0.1366443634033203,0.1439297199249267,0.712,0.7062596568731372,0.712,0.7035811726007071,0.0045139789581298,0.1566834449768066,0.1611974239349365,-0.02,-0.02,-0.1339639759789769,0.0838691231925984
5000,20,15,5,0.9078800141776228,0.732,0.7263020976568387,0.732,0.7224432785000843,0.0019845962524414,0.1369321346282959,0.1389167308807373,0.732,0.7263020976568387,0.732,0.7224432785000843,0.0110552310943603,0.1691999435424804,0.1802551746368408,0.722,0.7155565176867176,0.722,0.712770499298341,0.008913516998291,0.1270906925201416,0.1360042095184326,0.722,0.7155565176867176,0.722,0.712770499298341,0.0065176486968994,0.1678192615509033,0.1743369102478027,-0.01,-0.01,0.0209659509249835,0.0328327017571705
5000,30,3,5,0.2437463233531095,0.713,0.7042438376771696,0.713,0.7051455439287279,0.0030043125152587,0.0997130870819091,0.1027173995971679,0.713,0.7042438376771696,0.713,0.7051455439287279,0.0135250091552734,0.1595160961151123,0.1730411052703857,0.639,0.6335665999540186,0.639,0.6326723429879717,0.0019981861114501,0.1523635387420654,0.1543617248535156,0.639,0.6335665999540186,0.639,0.6326723429879717,0.0035116672515869,0.1563613414764404,0.1598730087280273,-0.0739999999999999,-0.0739999999999999,-0.5027806920627257,0.0760980838730922
5000,30,5,5,0.3304181434767425,0.713,0.7042438376771696,0.713,0.7051455439287279,0.003497838973999,0.1464700698852539,0.1499679088592529,0.713,0.7042438376771696,0.713,0.7051455439287279,0.0145435333251953,0.1589918136596679,0.1735353469848632,0.656,0.6510997830980292,0.656,0.6472604438598639,0.0009968280792236,0.1409928798675537,0.1419897079467773,0.656,0.6510997830980292,0.656,0.6472604438598639,0.0040171146392822,0.1620213985443115,0.1660385131835937,-0.0569999999999999,-0.0569999999999999,0.0531993876100735,0.0432006155029813
5000,30,10,5,0.528011316918687,0.713,0.7042438376771696,0.713,0.7051455439287279,0.00301194190979,0.1305193901062011,0.1335313320159912,0.713,0.7042438376771696,0.713,0.7051455439287279,0.0129377841949462,0.1750600337982177,0.187997817993164,0.68,0.6723336600538434,0.68,0.6686208153559681,0.0019922256469726,0.1335718631744384,0.1355640888214111,0.68,0.6723336600538434,0.68,0.6686208153559681,0.0065090656280517,0.1556215286254882,0.16213059425354,-0.0329999999999999,-0.0329999999999999,-0.015223069932205,0.1375932126008218
5000,30,15,5,0.7070136629683271,0.713,0.7042438376771696,0.713,0.7051455439287279,0.0035216808319091,0.1356706619262695,0.1391923427581787,0.713,0.7042438376771696,0.713,0.7051455439287279,0.0180592536926269,0.1788563728332519,0.1969156265258789,0.679,0.6737314688302344,0.679,0.6677758464695924,0.002002477645874,0.1415266990661621,0.1435291767120361,0.679,0.6737314688302344,0.679,0.6677758464695924,0.0085113048553466,0.1676220893859863,0.176133394241333,-0.0339999999999999,-0.0339999999999999,-0.0311571302553034,0.1055387662787375
5000,30,20,5,0.8639043122250443,0.713,0.7042438376771696,0.713,0.7051455439287279,0.0015134811401367,0.1132466793060302,0.1147601604461669,0.713,0.7042438376771696,0.713,0.7051455439287279,0.0155363082885742,0.162860631942749,0.1783969402313232,0.683,0.6735179746421844,0.683,0.6734303716866124,0.0025177001953125,0.1289954185485839,0.1315131187438964,0.683,0.6735179746421844,0.683,0.6734303716866124,0.0110414028167724,0.1653192043304443,0.1763606071472168,-0.0299999999999999,-0.0299999999999999,-0.1459823533933464,0.0114146188912544
5000,30,25,5,0.9741108499198086,0.713,0.7042438376771696,0.713,0.7051455439287279,0.0029983520507812,0.1283481121063232,0.1313464641571045,0.713,0.7042438376771696,0.713,0.7051455439287279,0.0140233039855957,0.165956974029541,0.1799802780151367,0.699,0.688276838485304,0.699,0.6898847160752274,0.0019960403442382,0.1523518562316894,0.1543478965759277,0.699,0.688276838485304,0.699,0.6898847160752274,0.012019395828247,0.1679112911224365,0.1799306869506836,-0.014,-0.014,-0.1751203016117057,0.0002755361031776
5000,40,3,5,0.2306317870904004,0.709,0.7026218116459815,0.709,0.7020985349970665,0.0035254955291748,0.1529815196990966,0.1565070152282714,0.709,0.7026218116459815,0.709,0.7020985349970665,0.0215678215026855,0.1900610923767089,0.2116289138793945,0.582,0.5814830840528432,0.582,0.5689973376738083,0.0055477619171142,0.1223094463348388,0.1278572082519531,0.582,0.5814830840528432,0.582,0.5689973376738083,0.0030145645141601,0.1544222831726074,0.1574368476867675,-0.127,-0.127,0.1830576535788604,0.2560711823314962
5000,40,5,5,0.3205084251450353,0.709,0.7026218116459815,0.709,0.7020985349970665,0.0025115013122558,0.1139893531799316,0.1165008544921875,0.709,0.7026218116459815,0.709,0.7020985349970665,0.0205342769622802,0.1614696979522705,0.1820039749145507,0.623,0.6207151856175123,0.623,0.6114758570289347,0.0019993782043457,0.1313228607177734,0.1333222389221191,0.623,0.6207151856175123,0.623,0.6114758570289347,0.0048165321350097,0.1586487293243408,0.1634652614593505,-0.0859999999999999,-0.0859999999999999,-0.1443885068762279,0.1018588383242945
5000,40,10,5,0.4780359247831382,0.709,0.7026218116459815,0.709,0.7020985349970665,0.003014326095581,0.1577544212341308,0.1607687473297119,0.709,0.7026218116459815,0.709,0.7020985349970665,0.0186660289764404,0.1711466312408447,0.1898126602172851,0.67,0.6612198606910348,0.67,0.6594379022715441,0.0021247863769531,0.1579818725585937,0.1601066589355468,0.67,0.6612198606910348,0.67,0.6594379022715441,0.0070033073425292,0.1519758701324463,0.1589791774749755,-0.0389999999999999,-0.0389999999999999,0.0041182655532371,0.1624416554038777
5000,40,15,5,0.6158650564448024,0.709,0.7026218116459815,0.709,0.7020985349970665,0.0030062198638916,0.1059162616729736,0.1089224815368652,0.709,0.7026218116459815,0.709,0.7020985349970665,0.0169916152954101,0.1543784141540527,0.1713700294494629,0.674,0.6656684565813387,0.674,0.6636150079946275,0.0025055408477783,0.1213352680206298,0.1238408088684082,0.674,0.6656684565813387,0.674,0.6636150079946275,0.0080265998840332,0.1619694232940673,0.1699960231781005,-0.0349999999999999,-0.0349999999999999,-0.1369627933650575,0.0080177746119107
5000,40,20,5,0.7478048947148054,0.709,0.7026218116459815,0.709,0.7020985349970665,0.0019981861114501,0.2041487693786621,0.2061469554901123,0.709,0.7026218116459815,0.709,0.7020985349970665,0.0180635452270507,0.2096264362335205,0.2276899814605713,0.674,0.6644329443255612,0.674,0.6636730184498271,0.002509593963623,0.1450045108795166,0.1475141048431396,0.674,0.6644329443255612,0.674,0.6636730184498271,0.0100259780883789,0.159759521484375,0.1697854995727539,-0.0349999999999999,-0.0349999999999999,0.2844225882821002,0.2543128227090862
5000,40,25,5,0.8702627684203706,0.709,0.7026218116459815,0.709,0.7020985349970665,0.0030043125152587,0.1415150165557861,0.1445193290710449,0.709,0.7026218116459815,0.709,0.7020985349970665,0.0188159942626953,0.1792471408843994,0.1980631351470947,0.674,0.6631958782219346,0.674,0.6638031736738031,0.002000093460083,0.1359755992889404,0.1379756927490234,0.674,0.6631958782219346,0.674,0.6638031736738031,0.0110301971435546,0.1590697765350341,0.1700999736785888,-0.0349999999999999,-0.0349999999999999,0.0452786237251673,0.1411830699728072
5000,54,3,5,0.1744578857069172,0.709,0.7024643585183892,0.709,0.7020137287412954,0.0030076503753662,0.1313707828521728,0.134378433227539,0.709,0.7024643585183892,0.709,0.7020137287412954,0.0240612030029296,0.1710562705993652,0.1951174736022949,0.591,0.5924208775623934,0.591,0.5781143465781126,0.0027565956115722,0.1360659599304199,0.1388225555419922,0.591,0.5924208775623934,0.591,0.5781143465781126,0.0035111904144287,0.1591393947601318,0.1626505851745605,-0.118,-0.118,-0.0330716931855279,0.1663966216265753
5000,54,5,5,0.243502915131045,0.709,0.7024643585183892,0.709,0.7020137287412954,0.0030064582824707,0.1290078163146972,0.1320142745971679,0.709,0.7024643585183892,0.709,0.7020137287412954,0.0220448970794677,0.1689624786376953,0.191007375717163,0.636,0.6365778485800105,0.636,0.6239121643430336,0.0026063919067382,0.1326594352722168,0.135265827178955,0.636,0.6365778485800105,0.636,0.6239121643430336,0.0055491924285888,0.1588532924652099,0.1644024848937988,-0.0729999999999999,-0.0729999999999999,-0.024630310560801,0.1392872433510621
5000,54,10,5,0.3683745962265701,0.709,0.7024643585183892,0.709,0.7020137287412954,0.0035245418548583,0.1858184337615966,0.189342975616455,0.709,0.7024643585183892,0.709,0.7020137287412954,0.022550344467163,0.2002437114715576,0.2227940559387207,0.675,0.6638830123801038,0.675,0.6639397797653934,0.0029985904693603,0.1190142631530761,0.1220128536224365,0.675,0.6638830123801038,0.675,0.6639397797653934,0.0048954486846923,0.1558425426483154,0.1607379913330078,-0.0339999999999999,-0.0339999999999999,0.3555987317449084,0.2785355486448945
5000,54,15,5,0.4796309785545766,0.709,0.7024643585183892,0.709,0.7020137287412954,0.0020043849945068,0.1300339698791504,0.1320383548736572,0.709,0.7024643585183892,0.709,0.7020137287412954,0.0220534801483154,0.1702065467834472,0.1922600269317627,0.677,0.6683208572522005,0.677,0.6658129734848485,0.0019965171813964,0.1379363536834716,0.1399328708648681,0.677,0.6683208572522005,0.677,0.6658129734848485,0.0080118179321289,0.1609511375427246,0.1689629554748535,-0.0319999999999999,-0.0319999999999999,-0.0597895664389708,0.1211748059578594
5000,54,20,5,0.5828911529099791,0.709,0.7024643585183892,0.709,0.7020137287412954,0.0045239925384521,0.1194064617156982,0.1239304542541503,0.709,0.7024643585183892,0.709,0.7020137287412954,0.0230634212493896,0.1769676208496093,0.200031042098999,0.679,0.6684413646055436,0.679,0.6680503005193832,0.0029997825622558,0.161116361618042,0.1641161441802978,0.679,0.6684413646055436,0.679,0.6680503005193832,0.0117368698120117,0.170917272567749,0.1826541423797607,-0.0299999999999999,-0.0299999999999999,-0.3242600066948569,0.0868710153029055
5000,54,25,5,0.6833324900751112,0.709,0.7024643585183892,0.709,0.7020137287412954,0.003514289855957,0.1088128089904785,0.1123270988464355,0.709,0.7024643585183892,0.709,0.7020137287412954,0.02278733253479,0.1413242816925048,0.1641116142272949,0.682,0.6723623210969756,0.682,0.6719152646752565,0.0037136077880859,0.1675679683685302,0.1712815761566162,0.682,0.6723623210969756,0.682,0.6719152646752565,0.0125391483306884,0.1610517501831054,0.1735908985137939,-0.0269999999999999,-0.0269999999999999,-0.5248464343477652,-0.0577612031368492
25000,5,3,5,0.8181082472327356,0.64,0.6285090326695466,0.64,0.6303891442388815,0.0025219917297363,0.7404201030731201,0.7429420948028564,0.6454,0.6331406090602174,0.6454,0.6358445072152447,0.0171563625335693,0.6783316135406494,0.6954879760742188,0.6404,0.629514329099527,0.6404,0.6306520497684264,0.0030028820037841,0.5902388095855713,0.5932416915893555,0.6504,0.6377444712139669,0.6504,0.640235857324128,0.0145347118377685,0.4584348201751709,0.4729695320129394,0.0003999999999999,0.005,0.2014967307152312,0.3199457815465286
25000,10,3,5,0.4768534230213281,0.7188,0.7163770993118176,0.7188,0.7155277273581351,0.0050175189971923,1.2953426837921145,1.3003602027893066,0.7186,0.7161892590297303,0.7186,0.7153376629144846,0.030076265335083,1.4470839500427246,1.4771602153778076,0.7214,0.7192064209473893,0.7214,0.7185755545619893,0.0019989013671875,0.641054630279541,0.6430535316467285,0.7212,0.7190188097421973,0.7212,0.7183851282490855,0.0120210647583007,0.5270998477935791,0.5391209125518799,0.0026,0.0025999999999999,0.5054804582089164,0.6350288161436903
25000,10,5,5,0.6813807778671827,0.7188,0.7163770993118176,0.7188,0.7155277273581351,0.0040242671966552,1.3771214485168457,1.381145715713501,0.7186,0.7161892590297303,0.7186,0.7153376629144846,0.0280671119689941,1.4001784324645996,1.4282455444335938,0.7216,0.7193017582011769,0.7216,0.7185944184963413,0.0029985904693603,0.6212787628173828,0.6242773532867432,0.7214,0.7191142756343153,0.7214,0.7184039997341864,0.017136812210083,0.4939801692962646,0.5111169815063477,0.0028,0.0028,0.5480003694148659,0.642136477513715
25000,20,3,5,0.3099180278799466,0.7882,0.784762810405414,0.7882,0.7839919320930937,0.0035035610198974,1.6711785793304443,1.6746821403503418,0.7882,0.784762810405414,0.7882,0.7839919320930937,0.0536386966705322,1.6588258743286133,1.7124645709991455,0.7176,0.7134853125506384,0.7176,0.7118897660107626,0.0035126209259033,0.6420843601226807,0.645596981048584,0.7176,0.7134853125506384,0.7176,0.7118897660107626,0.0120389461517333,0.4791076183319092,0.4911465644836426,-0.0706,-0.0706,0.6144958105819855,0.7131931528387295
25000,20,5,5,0.4231485787238828,0.7882,0.784762810405414,0.7882,0.7839919320930937,0.002997875213623,1.7991750240325928,1.802172899246216,0.7882,0.784762810405414,0.7882,0.7839919320930937,0.0570402145385742,1.8322231769561768,1.889263391494751,0.7704,0.7666419390883927,0.7704,0.7660058730966615,0.0020947456359863,0.6502277851104736,0.65232253074646,0.7704,0.7666419390883927,0.7704,0.7660058730966615,0.0175294876098632,0.513817310333252,0.5313467979431152,-0.0178,-0.0178,0.6380355453023941,0.7187545154713852
25000,20,10,5,0.685236696602445,0.7882,0.784762810405414,0.7882,0.7839919320930937,0.0030016899108886,1.5120861530303955,1.5150878429412842,0.7882,0.784762810405414,0.7882,0.7839919320930937,0.0516612529754638,1.656137466430664,1.707798719406128,0.7738,0.7699190696167443,0.7738,0.7694992194632927,0.0029993057250976,0.6931982040405273,0.696197509765625,0.7738,0.7699190696167443,0.7738,0.7694992194632927,0.0288352966308593,0.5350534915924072,0.5638887882232666,-0.0143999999999999,-0.0143999999999999,0.5404903332772597,0.6698154285890587
25000,20,15,5,0.9069373094587078,0.7882,0.784762810405414,0.7882,0.7839919320930937,0.0045151710510253,1.2431647777557373,1.2476799488067627,0.7882,0.784762810405414,0.7882,0.7839919320930937,0.0531795024871826,1.4200093746185305,1.473188877105713,0.78,0.7758385447586806,0.78,0.7757698842187968,0.0035109519958496,0.9138977527618408,0.9174087047576904,0.78,0.7758385447586806,0.78,0.7757698842187968,0.0445461273193359,0.7888052463531494,0.8333513736724854,-0.0081999999999999,-0.0081999999999999,0.2647083046937895,0.4343214324902306
25000,30,3,5,0.2365359666587155,0.802,0.8002002961279544,0.802,0.7990658723452694,0.0065159797668457,0.8237996101379395,0.8303155899047852,0.802,0.8002002961279544,0.802,0.7990658723452694,0.0858466625213623,1.518261432647705,1.6041080951690674,0.6688,0.6622197469457204,0.6688,0.6614804217799799,0.0032496452331542,0.8652830123901367,0.868532657623291,0.6688,0.6622197469457204,0.6688,0.6614804217799799,0.0137760639190673,0.7082054615020752,0.7219815254211426,-0.1332000000000001,-0.1332000000000001,-0.0460271590503176,0.5499171610719611
25000,30,5,5,0.3195980947173156,0.802,0.8002002961279544,0.802,0.7990658723452694,0.0050194263458251,0.9010047912597656,0.9060242176055908,0.802,0.8002002961279544,0.802,0.7990658723452694,0.086179494857788,1.4354941844940186,1.5216736793518066,0.7504,0.7445458625213625,0.7504,0.745014529452938,0.0029988288879394,0.8608074188232422,0.8638062477111816,0.7504,0.7445458625213625,0.7504,0.745014529452938,0.0200726985931396,0.7397811412811279,0.7598538398742676,-0.0516,-0.0516,0.0465969552182405,0.500645999083098
25000,30,10,5,0.5067791927711319,0.802,0.8002002961279544,0.802,0.7990658723452694,0.0050346851348876,0.8537819385528564,0.8588166236877441,0.802,0.8002002961279544,0.802,0.7990658723452694,0.0866353511810302,1.4119744300842283,1.4986097812652588,0.7836,0.7805377230937169,0.7836,0.7794629904286537,0.0034000873565673,0.8987376689910889,0.9021377563476562,0.7836,0.7805377230937169,0.7836,0.7794629904286537,0.0289652347564697,0.842627763748169,0.8715929985046387,-0.0184,-0.0184,-0.0504428203472493,0.4183989658944019
25000,30,15,5,0.6804616191368013,0.802,0.8002002961279544,0.802,0.7990658723452694,0.0055382251739501,0.7817206382751465,0.7872588634490967,0.802,0.8002002961279544,0.802,0.7990658723452694,0.0885581970214843,1.3788645267486572,1.4674227237701416,0.7848,0.781859671952305,0.7848,0.780734940850366,0.0035135746002197,0.96537184715271,0.9688854217529296,0.7848,0.781859671952305,0.7848,0.780734940850366,0.0444669723510742,0.7756853103637695,0.8201522827148438,-0.0171999999999999,-0.0171999999999999,-0.2307075432699485,0.4410933745065044
25000,30,20,5,0.8406198502338882,0.802,0.8002002961279544,0.802,0.7990658723452694,0.0050015449523925,0.8640081882476807,0.8690097332000732,0.802,0.8002002961279544,0.802,0.7990658723452694,0.0880217552185058,1.483872413635254,1.5718941688537598,0.7738,0.7708143295779866,0.7738,0.7700279930830427,0.0035133361816406,0.9109268188476562,0.9144401550292968,0.7738,0.7708143295779866,0.7738,0.7700279930830427,0.0541653633117675,0.7089989185333252,0.7631642818450928,-0.0282,-0.0282,-0.0522783808898537,0.5144938527244494
25000,30,25,5,0.9581489540082936,0.802,0.8002002961279544,0.802,0.7990658723452694,0.005511999130249,0.8924825191497803,0.8979945182800293,0.802,0.8002002961279544,0.802,0.7990658723452694,0.0914700031280517,1.4255552291870115,1.5170252323150637,0.7798,0.7773574781685998,0.7798,0.7763338781866941,0.0040009021759033,1.0537161827087402,1.0577170848846436,0.7798,0.7773574781685998,0.7798,0.7763338781866941,0.0702755451202392,0.8961772918701172,0.9664528369903564,-0.0221999999999999,-0.0221999999999999,-0.1778658592599633,0.3629289636036596
25000,40,3,5,0.2244032912740202,0.7942,0.790958996186379,0.7942,0.7902498316809244,0.0050601959228515,0.9317836761474608,0.9368438720703124,0.7942,0.790958996186379,0.7942,0.7902498316809244,0.108450174331665,1.4914870262145996,1.5999372005462646,0.613,0.6069869683891533,0.613,0.6047174188889184,0.0030193328857421,0.8628387451171875,0.8658580780029297,0.613,0.6069869683891533,0.613,0.6047174188889184,0.013526439666748,0.7478837966918945,0.7614102363586426,-0.1812,-0.1812,0.0757712103197224,0.5240999233603199
25000,40,5,5,0.3119217747234487,0.7942,0.790958996186379,0.7942,0.7902498316809244,0.0069241523742675,0.8862786293029785,0.8932027816772461,0.7942,0.790958996186379,0.7942,0.7902498316809244,0.1201746463775634,1.535332202911377,1.6555068492889404,0.7142,0.7086820973438946,0.7142,0.7077605476295574,0.0039997100830078,0.890622615814209,0.8946223258972168,0.7142,0.7086820973438946,0.7142,0.7077605476295574,0.0184237957000732,0.8337292671203613,0.8521530628204346,-0.08,-0.08,-0.0015892742936884,0.485261529913667
25000,40,10,5,0.4634159518740707,0.7942,0.790958996186379,0.7942,0.7902498316809244,0.0090324878692626,0.980604648590088,0.9896371364593506,0.7942,0.790958996186379,0.7942,0.7902498316809244,0.1496737003326416,1.5441522598266602,1.6938259601593018,0.7652,0.7587947497055423,0.7652,0.7594816421411561,0.003007173538208,0.9201493263244628,0.9231564998626708,0.7652,0.7587947497055423,0.7652,0.7594816421411561,0.0330612659454345,0.7448077201843262,0.7778689861297607,-0.029,-0.029,0.0671767804051181,0.5407621535942198
25000,40,15,5,0.5966627543546521,0.7942,0.790958996186379,0.7942,0.7902498316809244,0.0065155029296875,1.008408784866333,1.0149242877960205,0.7942,0.790958996186379,0.7942,0.7902498316809244,0.1121816635131836,1.551363468170166,1.6635451316833496,0.7656,0.7593965536694955,0.7656,0.7598967961836676,0.0045151710510253,0.983137845993042,0.9876530170440674,0.7656,0.7593965536694955,0.7656,0.7598967961836676,0.0430762767791748,0.7119569778442383,0.7550332546234131,-0.0286,-0.0286,0.0268702513871006,0.5461299845472836
25000,40,20,5,0.7268309471999069,0.7942,0.790958996186379,0.7942,0.7902498316809244,0.008601427078247,1.497971773147583,1.50657320022583,0.7942,0.790958996186379,0.7942,0.7902498316809244,0.1310086250305175,1.7828538417816162,1.9138624668121336,0.7654,0.7591945642651278,0.7654,0.759668719826363,0.0036544799804687,0.9552493095397948,0.9589037895202636,0.7654,0.7591945642651278,0.7654,0.759668719826363,0.0534868240356445,0.8119630813598633,0.8654499053955078,-0.0288,-0.0288,0.3635199475362184,0.5477993218409978
25000,40,25,5,0.8523167933823439,0.7942,0.790958996186379,0.7942,0.7902498316809244,0.0050065517425537,0.9995391368865968,1.0045456886291504,0.7942,0.790958996186379,0.7942,0.7902498316809244,0.1158676147460937,1.6182115077972412,1.734079122543335,0.766,0.7597864223317743,0.766,0.7602318561541462,0.0040185451507568,0.8813998699188232,0.8854184150695801,0.766,0.7597864223317743,0.766,0.7602318561541462,0.06663179397583,0.6850841045379639,0.751715898513794,-0.0282,-0.0282,0.1185882084886919,0.5665042680340507
25000,54,3,5,0.1720857243535949,0.7958,0.792561466114138,0.7958,0.7918001389883319,0.0104334354400634,2.2364611625671387,2.246894598007202,0.7958,0.792561466114138,0.7958,0.7918001389883319,0.161916971206665,2.21608304977417,2.378000020980835,0.6138,0.6083297384157896,0.6138,0.6048484345014206,0.0040853023529052,0.6146361827850342,0.6187214851379395,0.6138,0.6083297384157896,0.6138,0.6048484345014206,0.014524221420288,0.4447638988494873,0.4592881202697754,-0.1819999999999999,-0.1819999999999999,0.724632617085514,0.8068594969648754
25000,54,5,5,0.2397394787176558,0.7958,0.792561466114138,0.7958,0.7918001389883319,0.0070524215698242,1.8531064987182615,1.860158920288086,0.7958,0.792561466114138,0.7958,0.7918001389883319,0.1481869220733642,1.955146551132202,2.1033334732055664,0.7182,0.7130008032545125,0.7182,0.7116017300351632,0.0035107135772705,0.6367268562316895,0.64023756980896,0.7182,0.7130008032545125,0.7182,0.7116017300351632,0.0185422897338867,0.4746067523956299,0.4931490421295166,-0.0776,-0.0776,0.6558156602502515,0.765539298255955
25000,54,10,5,0.3563674934341292,0.7958,0.792561466114138,0.7958,0.7918001389883319,0.0071160793304443,2.044718980789185,2.051835060119629,0.7958,0.792561466114138,0.7958,0.7918001389883319,0.1495862007141113,1.973958730697632,2.123544931411743,0.7672,0.7606008231424108,0.7672,0.7611614843132397,0.0029985904693603,0.6772117614746094,0.6802103519439697,0.7672,0.7606008231424108,0.7672,0.7611614843132397,0.0280709266662597,0.5172348022460938,0.5453057289123535,-0.0285999999999999,-0.0285999999999999,0.6684868266631963,0.7432097052216213
25000,54,15,5,0.459826699393863,0.7958,0.792561466114138,0.7958,0.7918001389883319,0.0070345401763916,2.1731112003326416,2.180145740509033,0.7958,0.792561466114138,0.7958,0.7918001389883319,0.1801598072052002,2.090838432312012,2.270998239517212,0.7672,0.7607715045711426,0.7672,0.7612544832032634,0.0030069351196289,0.6629929542541504,0.6659998893737793,0.7672,0.7607715045711426,0.7672,0.7612544832032634,0.0401010513305664,0.7060487270355225,0.7461497783660889,-0.0285999999999999,-0.0285999999999999,0.6945158862552566,0.6714441405622966
25000,54,20,5,0.5604239941624709,0.7958,0.792561466114138,0.7958,0.7918001389883319,0.0059962272644042,1.9758882522583008,1.981884479522705,0.7958,0.792561466114138,0.7958,0.7918001389883319,0.1809983253479004,1.994783639907837,2.1757819652557373,0.7682,0.7617037954878162,0.7682,0.762241610033893,0.0039966106414794,0.7471868991851807,0.7511835098266602,0.7682,0.7617037954878162,0.7682,0.762241610033893,0.0536248683929443,0.5565204620361328,0.6101453304290771,-0.0275999999999999,-0.0275999999999999,0.6209751286777487,0.7195742311627434
25000,54,25,5,0.6592742819074039,0.7958,0.792561466114138,0.7958,0.7918001389883319,0.008023977279663,2.111970901489258,2.119994878768921,0.7958,0.792561466114138,0.7958,0.7918001389883319,0.1479678153991699,2.099064588546753,2.247032403945923,0.769,0.7627587623855535,0.769,0.7631841474720857,0.0035176277160644,0.7610013484954834,0.7645189762115479,0.769,0.7627587623855535,0.769,0.7631841474720857,0.0614094734191894,0.5061168670654297,0.5675263404846191,-0.0267999999999999,-0.0267999999999999,0.6393769702615965,0.747432952240471
100000,5,3,5,0.8216230023374911,0.6307,0.61374115988614,0.6307,0.6192197752933993,0.0069594383239746,3.009506940841675,3.0164663791656494,0.63085,0.6140681765553627,0.63085,0.6194727038966447,0.0837683677673339,2.254584550857544,2.338352918624878,0.6311,0.6147569301769217,0.6311,0.619750159998582,0.0049967765808105,2.200061798095703,2.2050585746765137,0.6326,0.6180034711848296,0.6326,0.6217248930584672,0.0581111907958984,1.3300175666809082,1.3881287574768066,0.0003999999999999,0.00175,0.2689928222284944,0.4063647337318408
100000,10,3,5,0.4762172578408537,0.72635,0.723118450584379,0.72635,0.7235406102359456,0.0070161819458007,4.574176788330078,4.581192970275879,0.72605,0.7228288061152728,0.72605,0.7232544303000302,0.1418848037719726,7.842456579208374,7.984341382980347,0.7257,0.7223319882985012,0.7257,0.7227339184169638,0.0059969425201416,2.263659238815308,2.269656181335449,0.7256,0.7222265175841097,0.7256,0.7226223503846763,0.0576491355895996,1.4203026294708252,1.4779517650604248,-0.00065,-0.0004499999999999,0.5045709281268781,0.8148937158159507
100000,10,5,5,0.6795028336326403,0.72635,0.723118450584379,0.72635,0.7235406102359456,0.007514476776123,5.583383798599243,5.590898275375366,0.72605,0.7228288061152728,0.72605,0.7232544303000302,0.1476330757141113,7.962175846099853,8.109808921813965,0.72515,0.7217475764726325,0.72515,0.7221817392476971,0.0075268745422363,2.400606393814087,2.4081332683563232,0.72555,0.7221393128626376,0.72555,0.7225699693576471,0.0880036354064941,1.4469456672668457,1.5349493026733398,-0.0012,-0.0004999999999999,0.5692761431624073,0.8107292887573966
100000,20,3,5,0.3101991214260424,0.84505,0.8438505764033376,0.84505,0.8435422112431076,0.0112175941467285,5.745323181152344,5.756540775299072,0.84505,0.8438505764033376,0.84505,0.8435422112431076,0.2939026355743408,20.099390029907227,20.393292665481567,0.74565,0.7424411880790838,0.74565,0.7423989829180113,0.0080735683441162,2.568897247314453,2.5769708156585693,0.74565,0.7424411880790838,0.74565,0.7423989829180113,0.0627293586730957,1.6066057682037354,1.669335126876831,-0.0993999999999999,-0.0993999999999999,0.5523403870053041,0.9181429328623126
100000,20,5,5,0.4241651660654999,0.84505,0.8438505764033376,0.84505,0.8435422112431076,0.014803409576416,6.322734594345093,6.337538003921509,0.84505,0.8438505764033376,0.84505,0.8435422112431076,0.3154683113098144,19.57320261001587,19.888670921325684,0.82545,0.8238640547009052,0.82545,0.8232993920865592,0.009016990661621,2.6038331985473637,2.6128501892089844,0.82545,0.8238640547009052,0.82545,0.8232993920865592,0.0995013713836669,1.5699009895324707,1.6694023609161377,-0.0195999999999999,-0.0195999999999999,0.5877184187941408,0.9160626485540512
100000,20,10,5,0.6844318892734466,0.84505,0.8438505764033376,0.84505,0.8435422112431076,0.0120458602905273,5.001805543899536,5.013851404190064,0.84505,0.8438505764033376,0.84505,0.8435422112431076,0.3175535202026367,19.151492595672607,19.469046115875244,0.82895,0.8274521180474907,0.82895,0.8268860127504007,0.0065133571624755,2.606525182723999,2.6130385398864746,0.82895,0.8274521180474907,0.82895,0.8268860127504007,0.1932349205017089,1.563990831375122,1.757225751876831,-0.0161,-0.0161,0.478836062492246,0.9097425861843343
100000,20,15,5,0.906595577416201,0.84505,0.8438505764033376,0.84505,0.8435422112431076,0.0120344161987304,5.125147581100464,5.137181997299194,0.84505,0.8438505764033376,0.84505,0.8435422112431076,0.2969317436218261,18.59082341194153,18.887755155563354,0.83785,0.8365386795411442,0.83785,0.8361811614760796,0.0100355148315429,2.802583932876587,2.81261944770813,0.83785,0.8365386795411442,0.83785,0.8361811614760796,0.287456750869751,1.6549768447875977,1.9424335956573489,-0.0071999999999999,-0.0071999999999999,0.4524976048762089,0.8971591075985963
100000,30,3,5,0.2350187965450194,0.86585,0.8648449955770606,0.86585,0.8646468094644048,0.0170414447784423,6.858072996139526,6.875114440917969,0.86585,0.8648449955770606,0.86585,0.8646468094644048,0.438166856765747,21.434894561767575,21.873061418533325,0.68535,0.6812031882411684,0.68535,0.681096805202907,0.0070228576660156,2.561814308166504,2.5688371658325195,0.68535,0.6812031882411684,0.68535,0.681096805202907,0.0629618167877197,1.567964792251587,1.6309266090393066,-0.1805,-0.1805,0.6263571773374689,0.925436747155229
100000,30,5,5,0.3180858045899118,0.86585,0.8648449955770606,0.86585,0.8646468094644048,0.0182011127471923,6.887493848800659,6.905694961547852,0.86585,0.8648449955770606,0.86585,0.8646468094644048,0.4450643062591553,22.343045949935917,22.78811025619507,0.79945,0.797397830655242,0.79945,0.7977483014079308,0.0080194473266601,2.7232627868652344,2.7312822341918945,0.79945,0.797397830655242,0.79945,0.7977483014079308,0.0973272323608398,1.6967494487762451,1.794076681137085,-0.0664,-0.0664,0.6044884331844711,0.9212713708610676
100000,30,10,5,0.5029157173426783,0.86585,0.8648449955770606,0.86585,0.8646468094644048,0.0172343254089355,6.572906732559204,6.59014105796814,0.86585,0.8648449955770606,0.86585,0.8646468094644048,0.4788999557495117,22.654072046279907,23.13297200202942,0.8411,0.8395674995446254,0.8411,0.8394627447226907,0.0080416202545166,2.8418636322021484,2.849905252456665,0.8411,0.8395674995446254,0.8411,0.8394627447226907,0.1771464347839355,1.775416374206543,1.9525628089904783,-0.02475,-0.02475,0.5675501893831476,0.915593949241836
100000,30,15,5,0.6734715522612399,0.86585,0.8648449955770606,0.86585,0.8646468094644048,0.0214781761169433,6.129037857055664,6.150516033172607,0.86585,0.8648449955770606,0.86585,0.8646468094644048,0.4527406692504883,20.553863763809204,21.00660443305969,0.84145,0.8399418315588945,0.84145,0.8397764395821259,0.0065019130706787,2.9413866996765137,2.9478886127471924,0.84145,0.8399418315588945,0.84145,0.8397764395821259,0.2384576797485351,1.8636577129364011,2.1021153926849365,-0.0243999999999999,-0.0243999999999999,0.5207087345439226,0.8999307384787673
100000,30,20,5,0.837511282225981,0.86585,0.8648449955770606,0.86585,0.8646468094644048,0.0160231590270996,6.186079263687134,6.202102422714233,0.86585,0.8648449955770606,0.86585,0.8646468094644048,0.4371590614318847,21.46436190605164,21.90152096748352,0.83995,0.838326888884607,0.83995,0.8382396340938705,0.00803804397583,3.1354820728302,3.1435201168060303,0.83995,0.838326888884607,0.83995,0.8382396340938705,0.3490886688232422,1.9034502506256104,2.2525389194488525,-0.0259,-0.0259,0.4931524985312435,0.8971514844657079
100000,30,25,5,0.9583889073569148,0.86585,0.8648449955770606,0.86585,0.8646468094644048,0.0161576271057128,5.543360471725464,5.559518098831177,0.86585,0.8648449955770606,0.86585,0.8646468094644048,0.4648761749267578,20.45505285263061,20.919929027557373,0.84895,0.8474941546746552,0.84895,0.8474437008107117,0.0080270767211914,3.395262718200684,3.403289794921875,0.84895,0.8474941546746552,0.84895,0.8474437008107117,0.4388980865478515,2.0897176265716557,2.528615713119507,-0.0169,-0.0169,0.3878444616202658,0.8791288579522132
100000,40,3,5,0.2245212864319888,0.865,0.86387146908002,0.865,0.8638364040565862,0.0238986015319824,7.31400990486145,7.337908506393433,0.865,0.86387146908002,0.865,0.8638364040565862,0.6112580299377441,22.8996844291687,23.510942459106445,0.6334,0.6285420530324043,0.6334,0.6273003802435162,0.0087735652923583,2.3547163009643555,2.363489866256714,0.6334,0.6285420530324043,0.6334,0.6273003802435162,0.0647535324096679,1.419295072555542,1.48404860496521,-0.2316,-0.2316,0.6779068771166289,0.9368783872638676
100000,40,5,5,0.3116424025957244,0.865,0.86387146908002,0.865,0.8638364040565862,0.0205340385437011,6.626851797103882,6.647385835647583,0.865,0.86387146908002,0.865,0.8638364040565862,0.5703761577606201,23.65728521347046,24.22766137123108,0.76755,0.7648518905661748,0.76755,0.7646846853995003,0.1026430130004882,2.834407329559326,2.9370503425598145,0.76755,0.7648518905661748,0.76755,0.7646846853995003,0.100642442703247,1.8663792610168457,1.9670217037200928,-0.09745,-0.09745,0.5581646055793166,0.9188109131302366
100000,40,10,5,0.4616523304074982,0.865,0.86387146908002,0.865,0.8638364040565862,0.0231945514678955,6.601590394973755,6.62478494644165,0.865,0.86387146908002,0.865,0.8638364040565862,0.635587215423584,24.512047290802,25.147634506225582,0.83235,0.8305647842119964,0.83235,0.8306054722205312,0.0080111026763916,3.0386650562286377,3.0466761589050293,0.83235,0.8305647842119964,0.83235,0.8306054722205312,0.1679387092590332,1.8998668193817136,2.067805528640747,-0.0326499999999999,-0.0326499999999999,0.540109424904203,0.9177733584393856
100000,40,15,5,0.5930423920230641,0.865,0.86387146908002,0.865,0.8638364040565862,0.0207993984222412,6.780133962631226,6.800933361053467,0.865,0.86387146908002,0.865,0.8638364040565862,0.6298625469207764,23.45431900024414,24.08418154716492,0.8328,0.8309955161731192,0.8328,0.8311179909834644,0.0075099468231201,3.093930959701538,3.101440906524658,0.8328,0.8309955161731192,0.8328,0.8311179909834644,0.2883338928222656,1.823719501495361,2.112053394317627,-0.0322,-0.0322,0.5439683434798067,0.9123053698054252
100000,40,20,5,0.7207251143802627,0.865,0.86387146908002,0.865,0.8638364040565862,0.0205793380737304,8.03273868560791,8.05331802368164,0.865,0.86387146908002,0.865,0.8638364040565862,0.683875560760498,25.46542453765869,26.14930009841919,0.83315,0.8313746745720482,0.83315,0.8314874963876008,0.0108966827392578,3.367972612380981,3.3788692951202397,0.83315,0.8313746745720482,0.83315,0.8314874963876008,0.4609575271606445,2.0467851161956787,2.5077426433563232,-0.03185,-0.03185,0.5804376177391339,0.9040990529797038
100000,40,25,5,0.845419778738863,0.865,0.86387146908002,0.865,0.8638364040565862,0.0175113677978515,7.107211351394653,7.124722719192505,0.865,0.86387146908002,0.865,0.8638364040565862,0.6711421012878418,24.94219017028809,25.613332271575928,0.834,0.8322513179182816,0.834,0.8323483044132111,0.0100255012512207,3.476991415023804,3.4870169162750244,0.834,0.8322513179182816,0.834,0.8323483044132111,0.4331345558166504,2.044516086578369,2.4776506423950195,-0.031,-0.031,0.5105750702575788,0.9032671494624476
100000,54,3,5,0.1679318481711827,0.86585,0.8647351704566192,0.86585,0.864712043804446,0.027066946029663,7.898917198181152,7.925984144210815,0.86585,0.8647351704566192,0.86585,0.864712043804446,0.8736400604248047,28.6871018409729,29.560741901397705,0.6346,0.6290915191175681,0.6346,0.628164445366794,0.0085151195526123,2.420034646987915,2.428549766540528,0.6346,0.6290915191175681,0.6346,0.628164445366794,0.0616378784179687,1.4767944812774658,1.5384323596954346,-0.2312499999999999,-0.2312499999999999,0.6935964389590213,0.947956909714005
100000,54,5,5,0.233680788547643,0.86585,0.8647351704566192,0.86585,0.864712043804446,0.0250587463378906,9.124352931976318,9.149411678314207,0.86585,0.8647351704566192,0.86585,0.864712043804446,0.821336030960083,41.16362380981445,41.984959840774536,0.77095,0.7680346605151392,0.77095,0.7680710158605901,0.0085146427154541,2.872832059860229,2.881346702575684,0.77095,0.7680346605151392,0.77095,0.7680710158605901,0.0919506549835205,1.7878429889678955,1.879793643951416,-0.0948999999999999,-0.0948999999999999,0.6850784723781742,0.955226975300669
100000,54,10,5,0.3492224645266237,0.86585,0.8647351704566192,0.86585,0.864712043804446,0.0264909267425537,8.774574279785156,8.80106520652771,0.86585,0.8647351704566192,0.86585,0.864712043804446,0.9320647716522216,32.76005220413208,33.6921169757843,0.8337,0.8319533356987263,0.8337,0.8320017798977289,0.0100367069244384,3.182161808013916,3.1921985149383545,0.8337,0.8319533356987263,0.8337,0.8320017798977289,0.1799612045288086,2.2441635131835938,2.4241247177124023,-0.03215,-0.03215,0.6372940729298636,0.9280506855815944
100000,54,15,5,0.4482512824895813,0.86585,0.8647351704566192,0.86585,0.864712043804446,0.0250873565673828,11.15104365348816,11.176131010055542,0.86585,0.8647351704566192,0.86585,0.864712043804446,0.9519588947296144,35.62341260910034,36.57537150382996,0.83655,0.8348536629194278,0.83655,0.8350057750092659,0.007026195526123,3.572824478149414,3.579850673675537,0.83655,0.8348536629194278,0.83655,0.8350057750092659,0.2873365879058838,2.388526439666748,2.675863027572632,-0.0292999999999999,-0.0292999999999999,0.6796878391587728,0.9268397580789458
100000,54,20,5,0.5441221011875356,0.86585,0.8647351704566192,0.86585,0.864712043804446,0.024717092514038,8.32824444770813,8.352961540222168,0.86585,0.8647351704566192,0.86585,0.864712043804446,0.926642656326294,28.071918725967407,28.9985613822937,0.83775,0.8360631580003257,0.83775,0.8361878822918505,0.0075218677520751,3.1744205951690674,3.1819424629211426,0.83775,0.8360631580003257,0.83775,0.8361878822918505,0.339292049407959,1.9462745189666748,2.285566568374634,-0.0281,-0.0281,0.6190641549588038,0.9211834498186456
100000,54,25,5,0.6384543501968932,0.86585,0.8647351704566192,0.86585,0.864712043804446,0.0261592864990234,7.920267820358276,7.9464271068573,0.86585,0.8647351704566192,0.86585,0.864712043804446,0.8491597175598145,26.66969585418701,27.518855571746823,0.8382,0.8365656154587153,0.8382,0.8366830273606134,0.0100338459014892,3.392098903656006,3.402132749557495,0.8382,0.8365656154587153,0.8382,0.8366830273606134,0.4434750080108642,2.019012212753296,2.46248722076416,-0.02765,-0.02765,0.5718663615976979,0.9105163652484024
500000,5,3,5,0.8209638058877484,0.63431,0.6213269191695479,0.63431,0.6225976789613353,0.041174888610839844,49.535181283950806,49.576356172561646,0.64004,0.6262693870582952,0.64004,0.6290311196033378,0.565833330154419,16.868168354034424,17.434001684188843,0.63422,0.6215665834015284,0.63422,0.6224608687914556,0.0368351936340332,45.03199625015259,45.06883144378662,0.6381,0.6252423366169501,0.6381,0.6273458211178177,0.5212206840515137,10.342690229415894,10.863910913467407,-9.00000000000345e-05,-0.0019400000000000528,0.09092085576208085,0.3768550037872228
500000,10,3,5,0.47505590730704084,0.72815,0.7257192647698727,0.72815,0.7257627251649704,0.05818295478820801,108.05042839050293,108.10861134529114,0.72805,0.7256325273575553,0.72805,0.725667270255413,1.2581133842468262,129.66656112670898,130.9246745109558,0.72792,0.7253665599848603,0.72792,0.72545019368537,0.032083749771118164,43.64735722541809,43.67944097518921,0.72796,0.7254164441217223,0.72796,0.7254919444094786,0.5423898696899414,8.321366786956787,8.863756656646729,-0.00022999999999995246,-8.999999999992347e-05,0.5959670517302251,0.9322988070067342
500000,10,5,5,0.6797327734987828,0.72815,0.7257192647698727,0.72815,0.7257627251649704,0.04327750205993652,104.38538670539856,104.4286642074585,0.72805,0.7256325273575553,0.72805,0.725667270255413,1.064093828201294,121.47934055328369,122.54343438148499,0.72776,0.7252031428894415,0.72776,0.7252780638237377,0.04427456855773926,42.22415280342102,42.26842737197876,0.72799,0.7254474821248545,0.72799,0.7255220474833391,0.7891225814819336,8.771408081054688,9.560530662536621,-0.00039000000000000146,-5.999999999994898e-05,0.5952411371650977,0.9219825141119016
500000,20,3,5,0.3100353978125092,0.89576,0.8952801101701797,0.89576,0.8953248721370227,0.0740060806274414,129.35388898849487,129.42789506912231,0.89577,0.8952914801994036,0.89577,0.8953361955179963,2.3902928829193115,449.729859828949,452.1201527118683,0.80636,0.8045205659374928,0.80636,0.8046076040994327,0.03051018714904785,38.55256152153015,38.5830717086792,0.80636,0.8045205659374928,0.80636,0.8046076040994327,0.4331798553466797,7.739258527755737,8.172438383102417,-0.08940000000000003,-0.08940999999999999,0.7018952391362503,0.9819241891030887
500000,20,5,5,0.4235602241356348,0.89576,0.8952801101701797,0.89576,0.8953248721370227,0.08506155014038086,113.36267590522766,113.44773745536804,0.89577,0.8952914801994036,0.89577,0.8953361955179963,1.9570636749267578,448.376008272171,450.3330719470978,0.87807,0.8773842727158141,0.87807,0.8774531555265843,0.027602672576904297,40.477333307266235,40.50493597984314,0.87807,0.8773842727158141,0.87807,0.8774531555265843,0.6953356266021729,9.01109004020691,9.706425666809082,-0.017689999999999984,-0.017699999999999938,0.6429639154700784,0.9784461185032635
500000,20,10,5,0.6829538893594174,0.89576,0.8952801101701797,0.89576,0.8953248721370227,0.05739331245422363,123.51592993736267,123.5733232498169,0.89577,0.8952914801994036,0.89577,0.8953361955179963,1.918046474456787,451.9130439758301,453.83109045028687,0.87971,0.8790303271787396,0.87971,0.8790958341228622,0.037690162658691406,44.697500705718994,44.735190868377686,0.87972,0.8790420364550664,0.87972,0.8791074048950099,1.3667664527893066,8.643346786499023,10.01011323928833,-0.01605000000000001,-0.01605000000000001,0.6379866649864175,0.9779430862055828
500000,20,15,5,0.9062587492320465,0.89576,0.8952801101701797,0.89576,0.8953248721370227,0.06538677215576172,125.31104350090027,125.37643027305603,0.89577,0.8952914801994036,0.89577,0.8953361955179963,2.0675048828125,444.87613892555237,446.94364380836487,0.88951,0.8889879405559427,0.88951,0.8890258835021312,0.03607630729675293,46.71679759025574,46.75287389755249,0.88951,0.8889879405559427,0.88951,0.8890258835021312,1.7257049083709717,8.936315298080444,10.662020206451416,-0.006249999999999978,-0.006259999999999932,0.6270999756833889,0.9761445981967629
500000,30,3,5,0.23491779384900524,0.92298,0.922769401180578,0.92298,0.9228068895871416,0.09578084945678711,118.0595645904541,118.15534543991089,0.92298,0.922769401180578,0.92298,0.9228068895871416,3.0739657878875732,613.4675576686859,616.5415234565735,0.70685,0.7036451393005762,0.70685,0.7031711812239597,0.031816959381103516,44.78559684753418,44.81741380691528,0.70685,0.7036451393005762,0.70685,0.7031711812239597,0.6033470630645752,9.075785398483276,9.679132461547852,-0.21613000000000004,-0.21613000000000004,0.6206907640102696,0.9843009236307673
500000,30,5,5,0.317663531108253,0.92298,0.922769401180578,0.92298,0.9228068895871416,0.09655213356018066,205.17367792129517,205.27023005485535,0.92298,0.922769401180578,0.92298,0.9228068895871416,3.6222219467163086,681.933741569519,685.5559635162354,0.86707,0.8663933269474222,0.86707,0.86638565806258,0.03898501396179199,42.604952335357666,42.64393734931946,0.86707,0.8663933269474222,0.86707,0.86638565806258,0.920579195022583,9.230835914611816,10.1514151096344,-0.055910000000000015,-0.055910000000000015,0.7922546423905527,0.9851924340974769
500000,30,10,5,0.5017745476193481,0.92298,0.922769401180578,0.92298,0.9228068895871416,0.12048172950744629,162.65938186645508,162.77986359596252,0.92298,0.922769401180578,0.92298,0.9228068895871416,3.3130366802215576,647.0354089736938,650.3484456539154,0.90522,0.9048563075126185,0.90522,0.9049247978832242,0.03858590126037598,43.14662432670593,43.18521022796631,0.90522,0.9048563075126185,0.90522,0.9049247978832242,1.2406561374664307,9.462857007980347,10.703513145446777,-0.017759999999999998,-0.017759999999999998,0.7347017667052681,0.9835418794079156
500000,30,15,5,0.6723657073656917,0.92298,0.922769401180578,0.92298,0.9228068895871416,0.08197951316833496,131.05866980552673,131.14064931869507,0.92298,0.922769401180578,0.92298,0.9228068895871416,3.1145758628845215,654.3070976734161,657.4216735363007,0.90619,0.905841577020215,0.90619,0.9059003142678128,0.0446619987487793,47.24170780181885,47.28636980056763,0.90619,0.905841577020215,0.90619,0.9059003142678128,1.896075963973999,11.007401943206787,12.903477907180786,-0.01678999999999997,-0.01678999999999997,0.6394224823025442,0.9803726003772093
500000,30,20,5,0.8372046170828649,0.92298,0.922769401180578,0.92298,0.9228068895871416,0.11543035507202148,218.9622893333435,219.07771968841553,0.92298,0.922769401180578,0.92298,0.9228068895871416,3.684669256210327,687.7120413780212,691.3967106342316,0.90407,0.9036950531713782,0.90407,0.9037609524031379,0.043984174728393555,58.421082735061646,58.46506690979004,0.90407,0.9036950531713782,0.90407,0.9037609524031379,2.588627576828003,12.977852821350098,15.5664803981781,-0.018909999999999982,-0.018909999999999982,0.7331309318312136,0.9774854578294151
500000,30,25,5,0.9582782022195933,0.92298,0.922769401180578,0.92298,0.9228068895871416,0.12113070487976074,176.32583665847778,176.44696736335754,0.92298,0.922769401180578,0.92298,0.9228068895871416,3.2399773597717285,713.6802031993866,716.9201805591583,0.91005,0.9097299174200749,0.91005,0.909775153209338,0.0605320930480957,66.40125250816345,66.46178460121155,0.91005,0.9097299174200749,0.91005,0.909775153209338,4.539159059524536,17.837793111801147,22.376952171325684,-0.012929999999999997,-0.012929999999999997,0.6233328030832818,0.968787386967022
500000,40,3,5,0.2243427845227241,0.92506,0.9248554191109153,0.92506,0.9248657801041223,0.1279125213623047,213.94629049301147,214.07420301437378,0.92506,0.9248554191109153,0.92506,0.9248657801041223,9.915104866027832,850.4494285583496,860.3645334243774,0.64551,0.6416238740701045,0.64551,0.6404864513356266,0.03284716606140137,45.180644035339355,45.21349120140076,0.64551,0.6416238740701045,0.64551,0.6404864513356266,0.6646616458892822,9.322571039199829,9.987232685089111,-0.27954999999999997,-0.27954999999999997,0.788795237516942,0.9883918591514478
500000,40,5,5,0.3111052456642028,0.92506,0.9248554191109153,0.92506,0.9248657801041223,0.11743855476379395,235.37011313438416,235.48755168914795,0.92506,0.9248554191109153,0.92506,0.9248657801041223,5.173316955566406,782.8799111843109,788.0532281398773,0.83179,0.8307315023484619,0.83179,0.8306298273930294,0.04680132865905762,43.63443470001221,43.681236028671265,0.83179,0.8307315023484619,0.83179,0.8306298273930294,0.9619255065917969,9.716751098632812,10.67867660522461,-0.09326999999999996,-0.09326999999999996,0.8145072394895333,0.9864492952710433
500000,40,10,5,0.46072098047475446,0.92506,0.9248554191109153,0.92506,0.9248657801041223,0.09823441505432129,192.3751254081726,192.47335982322693,0.92506,0.9248554191109153,0.92506,0.9248657801041223,8.51196002960205,799.1215164661407,807.6334764957428,0.8977,0.8972040370854486,0.8977,0.8972925805442633,0.045059919357299805,51.14629530906677,51.19135522842407,0.8977,0.8972040370854486,0.8977,0.8972925805442633,1.7882840633392334,11.518721103668213,13.307005167007446,-0.02735999999999994,-0.02735999999999994,0.7340340747652575,0.9835234601409225
